"image_file","box1","box2","box3","box4","box5"
"Screenshot 2021-04-14 155522.png","{""label"":""graphs"",""y"":5,""x"":38,""height"":309,""width"":507}"
"Screenshot 2021-04-14 160353.png","{""label"":""code"",""y"":10,""x"":27,""height"":299,""width"":520}"
"Screenshot 2021-05-24 014009.png","{""label"":""code"",""y"":194,""x"":227,""height"":572,""width"":503}","{""label"":""code"",""y"":255,""x"":300,""height"":442,""width"":352}","{""label"":""code"",""y"":251,""x"":1047,""height"":509,""width"":290}","{""label"":""graphs"",""y"":205,""x"":1512,""height"":534,""width"":271}","{""label"":""graphs"",""y"":626,""x"":876,""height"":357,""width"":206}"
"Screenshot 2021-05-25 185519.png","{""label"":""graphs"",""y"":186,""x"":391,""height"":303,""width"":276}","{""label"":""graphs"",""y"":458,""x"":1172,""height"":333,""width"":199}","{""label"":""graphs"",""y"":313,""x"":1681,""height"":287,""width"":69}"
